 ;PosX [m]:;10;20;30;50;60
 ;PosY [m]:;0;0;0;0;0
 ;PosZ [m]:;10.15;10.15;10.15;10.15;10.15
Part;Time [s];Elevation_0 [m];Elevation_1 [m];Elevation_2 [m];Elevation_3 [m];Elevation_4 [m]
0;0;10.15;10.15;10.15;10.15;10.15
1;0.0500688;10.1486;10.1486;10.1479;10.1479;10.1485
2;0.100126;10.1454;10.1452;10.1407;10.1407;10.1452
3;0.150087;10.1464;10.144;10.1398;10.1397;10.1444
4;0.200075;10.1492;10.1481;10.1455;10.1458;10.1481
5;0.250067;10.1509;10.15;10.1502;10.1501;10.1491
6;0.300001;10.1494;10.1477;10.1474;10.1467;10.1466
7;0.35019;10.151;10.1453;10.1408;10.1409;10.1454
8;0.400122;10.154;10.1463;10.139;10.1398;10.1452
9;0.450205;10.1572;10.1478;10.1445;10.1433;10.1444
10;0.50018;10.1602;10.1502;10.1495;10.1477;10.1471
11;0.550079;10.1639;10.1506;10.1477;10.1485;10.1483
12;0.600137;10.1678;10.1485;10.1413;10.1411;10.1445
13;0.650133;10.1711;10.1484;10.1402;10.1373;10.1415
14;0.700204;10.1756;10.1516;10.1442;10.1427;10.1446
15;0.750178;10.1815;10.1532;10.1489;10.1487;10.1477
16;0.800068;10.1864;10.1546;10.1497;10.1478;10.1464
17;0.850057;10.1902;10.1551;10.1454;10.142;10.1435
18;0.900203;10.1924;10.1531;10.1417;10.1394;10.1428
19;0.950015;10.1962;10.1539;10.1444;10.1433;10.1449
20;1.00014;10.2011;10.1596;10.1516;10.1491;10.1472
21;1.05002;10.2039;10.1613;10.1545;10.1499;10.1465
22;1.10017;10.204;10.1584;10.1488;10.1457;10.1451
23;1.15019;10.2023;10.1572;10.1449;10.1434;10.1452
24;1.20007;10.2022;10.1592;10.1487;10.1449;10.1455
25;1.25005;10.203;10.162;10.1552;10.1505;10.1463
26;1.30003;10.201;10.1634;10.1577;10.1545;10.1493
27;1.35016;10.1953;10.1613;10.1541;10.1513;10.1491
28;1.4001;10.189;10.1582;10.1502;10.1464;10.1451
29;1.45012;10.1849;10.1591;10.1518;10.1475;10.1456
30;1.50019;10.1803;10.1618;10.1577;10.1542;10.1499
31;1.55004;10.1726;10.1613;10.1611;10.158;10.151
32;1.6001;10.1635;10.1587;10.1586;10.1549;10.1487
33;1.6501;10.1549;10.1567;10.1541;10.1503;10.1471
34;1.70006;10.1467;10.1554;10.1535;10.15;10.1475
35;1.75003;10.1374;10.1553;10.1583;10.1551;10.1492
36;1.80001;10.1279;10.1559;10.1626;10.1594;10.1504
37;1.85013;10.1184;10.154;10.1604;10.1567;10.1493
38;1.90017;10.108;10.1499;10.1547;10.1514;10.1474
39;1.95004;10.0974;10.1476;10.1525;10.1501;10.1467
40;2.00003;10.0877;10.1476;10.1569;10.1537;10.1472
41;2.0501;10.0791;10.1478;10.1613;10.1575;10.149
42;2.10007;10.0709;10.1461;10.1593;10.157;10.1495
43;2.15011;10.0609;10.1423;10.1539;10.1517;10.1463
44;2.20012;10.051;10.1391;10.1518;10.1478;10.1442
45;2.25004;10.0442;10.1392;10.1543;10.1518;10.1467
46;2.3001;10.0394;10.14;10.1582;10.1572;10.1491
47;2.35008;10.0335;10.1387;10.1589;10.1558;10.1481
48;2.4002;10.0267;10.1359;10.1545;10.1514;10.146
49;2.45006;10.0218;10.133;10.1499;10.1492;10.1461
50;2.50016;10.0194;10.1325;10.1523;10.1512;10.1472
51;2.55019;10.0191;10.1352;10.1579;10.1555;10.1487
52;2.60009;10.0186;10.1354;10.1588;10.1571;10.1499
53;2.65014;10.0168;10.1318;10.1541;10.1536;10.1492
54;2.70003;10.0175;10.1299;10.15;10.1496;10.1481
55;2.75013;10.0209;10.1319;10.1519;10.1507;10.1487
56;2.80009;10.0252;10.1335;10.1566;10.1552;10.1509
57;2.85018;10.0292;10.1335;10.1576;10.1577;10.1529
58;2.90001;10.0332;10.1328;10.1543;10.1548;10.1525
59;2.95006;10.0388;10.1316;10.1501;10.1495;10.1502
60;3.00003;10.0457;10.1317;10.1496;10.1494;10.1501
61;3.05004;10.0533;10.1339;10.1533;10.1543;10.1538
62;3.10009;10.0614;10.1352;10.1557;10.1567;10.1553
63;3.1502;10.0701;10.1345;10.153;10.1534;10.1531
64;3.20015;10.0789;10.1335;10.148;10.1486;10.152
65;3.25;10.0873;10.1332;10.1465;10.1481;10.1529
66;3.3002;10.0968;10.1339;10.1495;10.1516;10.1539
67;3.35014;10.1075;10.1357;10.1527;10.1544;10.1548
68;3.4002;10.1178;10.1357;10.1508;10.1528;10.1548
69;3.45013;10.1265;10.1327;10.1454;10.1484;10.1531
70;3.50017;10.1347;10.1307;10.1433;10.147;10.1521
71;3.55003;10.1449;10.1318;10.1465;10.1503;10.1534
72;3.60019;10.1567;10.1328;10.1498;10.154;10.1549
73;3.65015;10.1666;10.1311;10.1486;10.154;10.1548
74;3.70011;10.1746;10.128;10.1442;10.1505;10.153
75;3.75006;10.1833;10.1254;10.1418;10.1484;10.1515
76;3.80006;10.1944;10.125;10.1438;10.1512;10.1527
77;3.85018;10.206;10.1256;10.1473;10.1562;10.1548
78;3.90019;10.216;10.1241;10.1475;10.1567;10.1542
79;3.95012;10.2252;10.1206;10.1436;10.1532;10.1524
80;4.00015;10.236;10.1183;10.1398;10.1513;10.1519
81;4.0501;10.2483;10.1179;10.1408;10.1531;10.1526
82;4.10003;10.261;10.1185;10.1445;10.1566;10.1536
83;4.15004;10.2738;10.1184;10.1447;10.1582;10.1545
84;4.20005;10.2868;10.1164;10.1403;10.1554;10.154
85;4.25008;10.3001;10.1147;10.136;10.1513;10.1524
86;4.30008;10.3148;10.1156;10.1358;10.1516;10.1527
87;4.35015;10.3308;10.1177;10.1379;10.1553;10.155
88;4.40011;10.347;10.1189;10.1381;10.1566;10.1563
89;4.45009;10.3628;10.1193;10.1342;10.1534;10.1555
90;4.50009;10.3787;10.1195;10.1292;10.1492;10.1541
91;4.55004;10.3953;10.1207;10.1273;10.1485;10.1544
92;4.60012;10.4132;10.1242;10.1291;10.1516;10.1566
93;4.65014;10.4316;10.1281;10.1303;10.1535;10.1577
94;4.7001;10.4491;10.1298;10.1274;10.1509;10.1565
95;4.75014;10.466;10.1307;10.1224;10.147;10.1553
96;4.80007;10.4841;10.1335;10.1205;10.1463;10.1554
97;4.85007;10.5038;10.1381;10.123;10.1489;10.156
98;4.90003;10.5238;10.1429;10.1257;10.1514;10.1564
99;4.95009;10.5416;10.1463;10.1244;10.1508;10.1561
100;5.00001;10.5542;10.1486;10.1207;10.1476;10.1544
101;5.05008;10.5605;10.1519;10.1197;10.1458;10.1525
102;5.10015;10.5616;10.1577;10.1228;10.1484;10.1529
103;5.15002;10.5587;10.1645;10.1265;10.1521;10.154
104;5.20011;10.5494;10.1704;10.1273;10.152;10.1532
105;5.25013;10.5328;10.1742;10.1256;10.1488;10.1509
106;5.30019;10.5112;10.1784;10.1238;10.1471;10.1496
107;5.35011;10.4857;10.1859;10.1263;10.1491;10.1502
108;5.40003;10.4542;10.1956;10.1314;10.1519;10.1512
109;5.45017;10.4138;10.2038;10.1335;10.1525;10.1506
110;5.5002;10.3647;10.2093;10.1315;10.1502;10.1496
111;5.55017;10.3109;10.2159;10.1297;10.1475;10.1493
112;5.60017;10.2556;10.226;10.132;10.1479;10.1493
113;5.65012;10.1979;10.2371;10.137;10.1505;10.1502
114;5.70003;10.1364;10.2464;10.1399;10.1521;10.1515
115;5.75003;10.0732;10.254;10.1388;10.1502;10.1518
116;5.80001;10.0117;10.2621;10.1376;10.1467;10.1505
117;5.85015;9.95363;10.2719;10.1401;10.1459;10.1502
118;5.90005;9.89827;10.2826;10.1455;10.1492;10.1523
119;5.95014;9.84397;10.2917;10.1501;10.1518;10.1543
120;6.00014;9.79283;10.2989;10.1517;10.15;10.1535
121;6.05016;9.74687;10.306;10.1521;10.1465;10.152
122;6.10001;9.70579;10.3133;10.1552;10.146;10.1524
123;6.15005;9.66848;10.3203;10.1618;10.1492;10.154
124;6.20002;9.63608;10.3268;10.1689;10.1521;10.1548
125;6.25012;9.60936;10.3321;10.1731;10.1513;10.1544
126;6.30015;9.5875;10.3353;10.1748;10.1485;10.1534
127;6.35013;9.56948;10.3376;10.1783;10.1479;10.153
128;6.40002;9.55669;10.3405;10.1857;10.1506;10.1537
129;6.45006;9.55054;10.3434;10.194;10.1539;10.1548
130;6.50018;9.54924;10.3441;10.1989;10.1544;10.155
131;6.55005;9.55062;10.342;10.201;10.1522;10.1538
132;6.60005;9.55582;10.339;10.2041;10.151;10.1528
133;6.65003;9.56778;10.3367;10.2104;10.1533;10.1535
134;6.70004;9.58547;10.3342;10.2181;10.1571;10.155
135;6.75015;9.60614;10.3292;10.2232;10.1583;10.155
136;6.80017;9.62941;10.3211;10.225;10.1564;10.1537
137;6.85007;9.65785;10.312;10.2267;10.1549;10.1529
138;6.90015;9.69339;10.3034;10.2315;10.1564;10.1533
139;6.95009;9.73515;10.2942;10.2387;10.1597;10.1541
140;7.00006;9.78308;10.2827;10.2438;10.1614;10.1543
141;7.05008;9.83791;10.2686;10.2454;10.1602;10.1537
142;7.10012;9.89894;10.2532;10.2466;10.1579;10.1525
143;7.15018;9.96339;10.2377;10.2507;10.1582;10.152
144;7.20013;10.0292;10.222;10.2571;10.1613;10.1529
145;7.25019;10.098;10.2046;10.2624;10.1635;10.1538
146;7.30016;10.1721;10.1851;10.2647;10.1623;10.1531
147;7.3501;10.2511;10.1642;10.2656;10.1598;10.1516
148;7.40005;10.329;10.1433;10.2684;10.1597;10.1515
149;7.45007;10.3995;10.1229;10.2738;10.1627;10.1528
150;7.50011;10.461;10.1023;10.2792;10.1654;10.1538
151;7.55008;10.5172;10.0801;10.2815;10.1652;10.1534
152;7.60018;10.5705;10.0568;10.2815;10.1636;10.1526
153;7.6502;10.6172;10.0341;10.2827;10.1638;10.1528
154;7.70018;10.6523;10.0132;10.2867;10.167;10.154
155;7.75;10.6748;9.99309;10.291;10.1709;10.1553
156;7.80008;10.6884;9.97228;10.2923;10.1727;10.156
157;7.85013;10.6951;9.95092;10.2907;10.1725;10.1561
158;7.90008;10.6947;9.93081;10.2893;10.1729;10.1562
159;7.95013;10.6854;9.91308;10.2902;10.1762;10.1576
160;8.00005;10.6655;9.89703;10.2913;10.1809;10.1599
161;8.05001;10.6346;9.88117;10.2896;10.1835;10.1616
162;8.1;10.5953;9.86539;10.2846;10.1831;10.1619
163;8.15002;10.5517;9.8509;10.2787;10.1826;10.1623
164;8.20011;10.5071;9.83887;10.2742;10.1846;10.1639
165;8.2501;10.4628;9.8293;10.2707;10.188;10.1662
166;8.3002;10.4173;9.82101;10.2654;10.1897;10.1675
167;8.35014;10.3694;9.81304;10.2567;10.1887;10.1676
168;8.40007;10.3186;9.80612;10.2465;10.187;10.1675
169;8.45015;10.2654;9.8022;10.238;10.1873;10.1681
170;8.50018;10.2104;9.80183;10.2315;10.1895;10.1691
171;8.5501;10.1526;9.80331;10.224;10.1912;10.1699
172;8.60008;10.0909;9.80522;10.2134;10.1906;10.1699
173;8.65001;10.0267;9.80864;10.2013;10.1889;10.1693
174;8.70002;9.96183;9.81559;10.1908;10.1888;10.1692
175;8.75009;9.89781;9.82627;10.1823;10.1912;10.1702
176;8.80008;9.83495;9.83917;10.1734;10.1941;10.1717
177;8.85017;9.77321;9.8532;10.1619;10.1948;10.1723
178;8.90001;9.71444;9.86874;10.1485;10.1938;10.1723
179;8.95003;9.66012;9.88725;10.1355;10.1938;10.1729
180;9.00015;9.61124;9.9093;10.1244;10.1963;10.1748
181;9.05014;9.56748;9.93391;10.1135;10.1992;10.1771
182;9.10017;9.52869;9.95979;10.1004;10.2001;10.1786
183;9.15005;9.49544;9.98687;10.0849;10.1987;10.1793
184;9.2002;9.4686;10.0167;10.0694;10.1975;10.1803
185;9.25013;9.44829;10.0497;10.0562;10.1983;10.1821
186;9.30015;9.43376;10.0853;10.0438;10.1999;10.1842
187;9.35003;9.42499;10.1225;10.0298;10.1999;10.1857
188;9.40007;9.42214;10.1617;10.0137;10.1974;10.1861
189;9.45004;9.42597;10.204;9.99791;10.1945;10.1862
190;9.5001;9.43679;10.2507;9.98441;10.1936;10.1869
191;9.55012;9.45511;10.3024;9.97265;10.1943;10.1884
192;9.60018;9.48018;10.3582;9.96023;10.1937;10.1892
193;9.65014;9.51153;10.4152;9.94619;10.1906;10.1887
194;9.70018;9.54898;10.4689;9.9322;10.1872;10.188
195;9.75013;9.59307;10.5144;9.92067;10.1858;10.1882
196;9.80019;9.64467;10.5501;9.91155;10.1861;10.189
197;9.85013;9.70309;10.5779;9.90256;10.1856;10.1894
198;9.90019;9.76753;10.6025;9.89209;10.1829;10.1889
199;9.95005;9.83665;10.6273;9.88156;10.1794;10.1881
200;10;9.91042;10.6523;9.87346;10.1775;10.188
201;10.0502;9.98822;10.6734;9.86823;10.1773;10.1885
202;10.1001;10.0676;10.684;9.86369;10.1768;10.1889
203;10.15;10.147;10.6805;9.85803;10.1741;10.1886
204;10.2001;10.2251;10.6629;9.85232;10.1702;10.1876
205;10.2502;10.3013;10.6338;9.84896;10.1673;10.1871
206;10.3002;10.3746;10.5956;9.84861;10.1662;10.1873
207;10.3501;10.4438;10.5494;9.8494;10.1651;10.1877
208;10.4;10.507;10.4954;9.84951;10.162;10.187
209;10.4502;10.5625;10.4336;9.84938;10.1572;10.1857
210;10.5002;10.6088;10.3659;9.85113;10.1532;10.1846
211;10.5501;10.6467;10.2941;9.85584;10.151;10.1844
212;10.6001;10.6782;10.2193;9.86215;10.149;10.1842
213;10.6502;10.7057;10.1423;9.86794;10.1452;10.1831
214;10.7002;10.7307;10.0646;9.87312;10.1399;10.1814
215;10.7502;10.7533;9.98789;9.87977;10.135;10.1798
216;10.8001;10.7703;9.91421;9.8893;10.1318;10.1789
217;10.8502;10.7762;9.84358;9.90061;10.1292;10.1781
218;10.9001;10.7673;9.77629;9.91147;10.1255;10.1769
219;10.9502;10.7438;9.71192;9.92167;10.1201;10.1749
220;11.0001;10.7107;9.65234;9.93299;10.1151;10.1728
221;11.05;10.6736;9.59936;9.94683;10.1118;10.1714
222;11.1002;10.6342;9.55327;9.96258;10.1097;10.1704
223;11.1501;10.5918;9.51356;9.97819;10.1067;10.1689
224;11.2002;10.5446;9.47892;9.99307;10.1023;10.1665
225;11.25;10.4923;9.44988;10.0084;10.098;10.164
226;11.3002;10.4355;9.42766;10.0259;10.0954;10.1621
227;11.3502;10.3757;9.41344;10.0452;10.094;10.1606
228;11.4001;10.3127;9.40634;10.0644;10.0919;10.1585
229;11.45;10.2462;9.40561;10.0825;10.0885;10.1557
230;11.5;10.1767;9.41123;10.1003;10.085;10.1527
231;11.5501;10.1058;9.4246;10.1193;10.0826;10.1501
232;11.6;10.0356;9.44619;10.1393;10.0813;10.1478
233;11.6501;9.9662;9.47534;10.1587;10.0797;10.1452
234;11.7002;9.89741;9.51086;10.1762;10.0769;10.1421
235;11.7501;9.82965;9.55209;10.1921;10.0735;10.1386
236;11.8002;9.76423;9.60003;10.2076;10.071;10.1354
237;11.8501;9.70413;9.65442;10.2228;10.0697;10.1327
238;11.9001;9.64974;9.71436;10.2364;10.0684;10.13
239;11.9501;9.60056;9.77775;10.247;10.066;10.1267
240;12.0002;9.55627;9.84354;10.2548;10.0631;10.1231
241;12.0501;9.51811;9.91123;10.2607;10.061;10.1199
242;12.1001;9.48696;9.98067;10.2652;10.0601;10.1171
243;12.15;9.46286;10.051;10.2677;10.0596;10.1144
244;12.2002;9.44404;10.1211;10.2667;10.0583;10.1114
245;12.2501;9.42989;10.1899;10.2625;10.0566;10.1081
246;12.3001;9.42123;10.2575;10.256;10.0554;10.105
247;12.3502;9.4189;10.324;10.2481;10.0553;10.1023
248;12.4001;9.42353;10.388;10.2382;10.0558;10.0998
249;12.45;9.43388;10.4488;10.2256;10.0559;10.0972
250;12.5001;9.44937;10.5053;10.21;10.0552;10.0942
251;12.5501;9.47023;10.5544;10.1927;10.0548;10.0913
252;12.6002;9.4963;10.5934;10.1747;10.0554;10.0888
253;12.6501;9.52705;10.6235;10.156;10.0566;10.0865
254;12.7002;9.56212;10.6522;10.1358;10.0574;10.0842
255;12.7501;9.60088;10.6796;10.1141;10.0575;10.0816
256;12.8001;9.64379;10.6924;10.0918;10.0576;10.079
257;12.8501;9.6907;10.683;10.0699;10.0585;10.0768
258;12.9001;9.74122;10.6599;10.0488;10.0601;10.0749
259;12.9501;9.79477;10.6368;10.0278;10.0615;10.073
260;13;9.85052;10.6156;10.0066;10.0623;10.0709
261;13.05;9.90792;10.5907;9.98604;10.0629;10.0687
262;13.1002;9.96639;10.5573;9.96704;10.0641;10.0669
263;13.1501;10.0248;10.5135;9.95003;10.0661;10.0654
264;13.2001;10.0826;10.4606;9.93429;10.068;10.064
265;13.25;10.1391;10.4022;9.91937;10.0693;10.0624
266;13.3001;10.1943;10.3408;9.90558;10.0703;10.0607
267;13.3501;10.2478;10.2779;9.89392;10.0718;10.0593
268;13.4002;10.3001;10.2136;9.88473;10.0739;10.0581
269;13.4501;10.3512;10.1477;9.87739;10.076;10.057
270;13.5;10.4014;10.0797;9.87135;10.0775;10.0558
271;13.5501;10.4504;10.0098;9.86684;10.0787;10.0544
272;13.6;10.4975;9.93914;9.86462;10.0801;10.0532
273;13.6501;10.5427;9.86928;9.86514;10.0819;10.0523
274;13.7001;10.585;9.80224;9.868;10.0838;10.0515
275;13.7502;10.6234;9.73987;9.87281;10.0853;10.0507
276;13.8001;10.6564;9.68422;9.87956;10.0862;10.0498
277;13.85;10.6826;9.63545;9.88882;10.0872;10.0491
278;13.9;10.6995;9.59188;9.90108;10.0887;10.0488
279;13.9501;10.7039;9.55177;9.91604;10.0903;10.0487
280;14;10.6942;9.51582;9.93315;10.0914;10.0487
281;14.0502;10.6702;9.48633;9.9526;10.092;10.0487
282;14.1001;10.6331;9.46586;9.97475;10.0927;10.0489
283;14.1501;10.5844;9.45449;10.0002;10.0937;10.0494
284;14.2001;10.526;9.45075;10.029;10.0948;10.0503
285;14.2501;10.4601;9.4523;10.0609;10.0955;10.0512
286;14.3002;10.3883;9.45874;10.0961;10.0957;10.0521
287;14.3502;10.3127;9.47144;10.1352;10.0959;10.0531
288;14.4;10.2358;9.49159;10.1794;10.0962;10.0544
289;14.4502;10.1591;9.51958;10.2312;10.0966;10.0559
290;14.5001;10.0851;9.55441;10.294;10.0966;10.0573
291;14.5501;10.014;9.59484;10.372;10.0962;10.0587
292;14.6;9.94579;9.63985;10.452;10.0956;10.0601
293;14.65;9.88078;9.68921;10.5086;10.0951;10.0615
294;14.7;9.81978;9.74279;10.534;10.0946;10.0631
295;14.75;9.76347;9.80047;10.5542;10.0939;10.0645
296;14.8001;9.71201;9.86197;10.5958;10.0928;10.0658
297;14.8501;9.66573;9.926;10.6115;10.0917;10.0671
298;14.9;9.62448;9.99193;10.5824;10.0906;10.0683
299;14.9502;9.58842;10.0592;10.5478;10.0895;10.0696
300;15.0002;9.55771;10.1265;10.5396;10.0884;10.0709
301;15.0501;9.53219;10.1931;10.5288;10.0872;10.072
302;15.1002;9.51157;10.2589;10.499;10.0859;10.0731
303;15.15;9.49587;10.3225;10.459;10.0848;10.0742
304;15.2001;9.48576;10.3841;10.4132;10.0839;10.0753
305;15.25;9.48149;10.443;10.358;10.0829;10.0764
306;15.3001;9.48265;10.4991;10.2918;10.082;10.0775
307;15.3501;9.48873;10.5516;10.2193;10.0811;10.0784
308;15.4001;9.49911;10.6007;10.1457;10.0803;10.0794
309;15.4501;9.51445;10.6462;10.074;10.0796;10.0804
310;15.5001;9.53487;10.6876;10.0046;10.079;10.0813
311;15.5501;9.5603;10.7241;9.93725;10.0785;10.0823
312;15.6002;9.5903;10.7548;9.87285;10.0781;10.0832
313;15.65;9.62389;10.7811;9.81254;10.0776;10.0839
314;15.7001;9.66139;10.8052;9.75631;10.0771;10.0847
315;15.7501;9.70266;10.8253;9.70472;10.0767;10.0853
316;15.8002;9.74744;10.8368;9.65783;10.0763;10.0858
317;15.8502;9.79544;10.836;9.61589;10.0759;10.0863
318;15.9;9.8464;10.8213;9.57935;10.0756;10.0867
319;15.9502;9.90051;10.7951;9.54848;10.0753;10.0871
320;16;9.95666;10.76;9.52422;10.075;10.0873
321;16.0502;10.0152;10.7152;9.50658;10.0747;10.0874
322;16.1001;10.0754;10.6626;9.49562;10.0744;10.0874
323;16.1501;10.1373;10.6067;9.49093;10.0741;10.0873
324;16.2002;10.2008;10.5505;9.49199;10.0738;10.0871
325;16.2501;10.2645;10.4935;9.49795;10.0736;10.0868
326;16.3001;10.3279;10.4329;9.50868;10.0734;10.0864
327;16.3501;10.3907;10.3672;9.52471;10.0733;10.0859
328;16.4002;10.4528;10.2962;9.547;10.0733;10.0854
329;16.4501;10.5135;10.2215;9.57594;10.0734;10.0848
330;16.5002;10.5729;10.1438;9.61222;10.0734;10.0841
331;16.5501;10.6299;10.065;9.65529;10.0736;10.0834
332;16.6;10.6839;9.98653;9.70433;10.0738;10.0826
333;16.65;10.7337;9.90986;9.75846;10.0741;10.0817
334;16.7002;10.7778;9.8361;9.81673;10.0744;10.0809
335;16.7501;10.8142;9.76637;9.87832;10.0748;10.08
336;16.8;10.8419;9.70074;9.94327;10.0753;10.079
337;16.8501;10.8602;9.63963;10.0113;10.0757;10.0781
338;16.9;10.8689;9.584;10.0814;10.0762;10.0771
339;16.95;10.8674;9.53407;10.1529;10.0766;10.0762
340;17.0001;10.8536;9.49034;10.2248;10.0769;10.0752
341;17.0501;10.8265;9.45303;10.296;10.0772;10.0742
342;17.1;10.7864;9.42215;10.3654;10.0774;10.0732
343;17.1501;10.7356;9.39756;10.4324;10.0776;10.0721
344;17.2002;10.6773;9.37962;10.4962;10.0776;10.0711
345;17.2502;10.6134;9.36878;10.5562;10.0774;10.0701
346;17.3001;10.5451;9.36524;10.6122;10.0772;10.0691
347;17.35;10.4729;9.36902;10.6647;10.0768;10.0681
348;17.4;10.398;9.38005;10.7144;10.0763;10.067
349;17.45;10.322;9.39819;10.7619;10.0756;10.066
350;17.5002;10.2455;9.42354;10.8064;10.0747;10.0651
351;17.5501;10.1697;9.45573;10.8423;10.0737;10.0641
352;17.6001;10.0944;9.49439;10.8642;10.0726;10.0632
353;17.6501;10.0205;9.53874;10.8721;10.0714;10.0623
354;17.7001;9.94907;9.58833;10.8728;10.07;10.0615
355;17.75;9.88093;9.64302;10.8671;10.0685;10.0607
356;17.8001;9.81658;9.70262;10.8437;10.067;10.06
357;17.8502;9.75627;9.76626;10.7972;10.0653;10.0593
358;17.9001;9.69983;9.83312;10.739;10.0637;10.0587
359;17.95;9.6471;9.90299;10.6846;10.062;10.0582
360;18.0001;9.59888;9.97507;10.6309;10.0602;10.0578
361;18.05;9.55573;10.0485;10.5646;10.0586;10.0574
362;18.1001;9.51771;10.1228;10.4854;10.057;10.0572
363;18.1501;9.48509;10.1972;10.4038;10.0555;10.057
364;18.2;9.45797;10.2708;10.3281;10.0541;10.0569
365;18.25;9.43618;10.3434;10.2572;10.0529;10.0568
366;18.3;9.41999;10.4146;10.186;10.0519;10.0569
367;18.3501;9.40917;10.4842;10.1112;10.0511;10.057
368;18.4001;9.40316;10.5524;10.0329;10.0504;10.0572
369;18.4502;9.40197;10.6188;9.95309;10.05;10.0574
370;18.5001;9.4057;10.6831;9.87383;10.0498;10.0576
371;18.55;9.41448;10.7445;9.79719;10.0497;10.0579
372;18.6002;9.42854;10.8024;9.72402;10.0498;10.0581
373;18.6501;9.44746;10.8546;9.65575;10.05;10.0583
374;18.7001;9.47096;10.9002;9.5921;10.0504;10.0586
375;18.7501;9.4989;10.9385;9.53373;10.0509;10.0588
376;18.8;9.53146;10.9676;9.48138;10.0514;10.0589
377;18.8501;9.56893;10.9833;9.43594;10.052;10.059
378;18.9002;9.61118;10.9832;9.39852;10.0527;10.0591
379;18.9501;9.65804;10.967;9.36987;10.0534;10.0591
380;19.0002;9.70957;10.9351;9.35037;10.0541;10.0591
381;19.0502;9.76521;10.8886;9.34044;10.0548;10.059
382;19.1001;9.82466;10.8312;9.34009;10.0555;10.0589
383;19.1501;9.8878;10.7665;9.34933;10.0562;10.0588
384;19.2002;9.95435;10.6967;9.36822;10.0569;10.0586
385;19.25;10.023;10.6231;9.39626;10.0576;10.0584
386;19.3002;10.0936;10.5453;9.43351;10.0584;10.0582
387;19.3501;10.1647;10.4652;9.4796;10.0591;10.0581
388;19.4001;10.2366;10.3832;9.53514;10.0598;10.0579
389;19.4501;10.3082;10.3015;9.60003;10.0606;10.0578
390;19.5;10.3793;10.2207;9.67415;10.0614;10.0576
391;19.5501;10.4493;10.141;9.75639;10.0623;10.0574
392;19.6002;10.5167;10.0635;9.84493;10.0633;10.0573
393;19.6502;10.5805;9.98839;9.93836;10.0643;10.0572
394;19.7002;10.6395;9.9161;10.0359;10.0654;10.0571
395;19.7502;10.6926;9.8469;10.1379;10.0666;10.057
396;19.8001;10.7372;9.78119;10.242;10.0679;10.0569
397;19.85;10.7714;9.71905;10.3411;10.0693;10.0569
398;19.9;10.7948;9.66032;10.4306;10.0706;10.0568
399;19.9501;10.8056;9.60542;10.5096;10.0719;10.0568
400;20.0002;10.8027;9.55497;10.5764;10.0731;10.0567
401;20.0501;10.7863;9.50936;10.6252;10.0744;10.0565
402;20.1001;10.7581;9.4689;10.6449;10.0755;10.0564
403;20.15;10.7201;9.4341;10.6335;10.0766;10.0562
404;20.2002;10.6743;9.4047;10.6335;10.0775;10.056
405;20.25;10.623;9.38109;10.6531;10.0782;10.0558
406;20.3001;10.5669;9.36335;10.6747;10.0788;10.0555
407;20.3502;10.5075;9.35191;10.6906;10.0792;10.0553
408;20.4002;10.446;9.34694;10.6982;10.0793;10.055
409;20.4501;10.3833;9.34852;10.6979;10.0793;10.0547
410;20.5;10.3201;9.3567;10.6911;10.079;10.0544
411;20.5501;10.2569;9.37152;10.68;10.0784;10.054
412;20.6001;10.1947;9.39289;10.6669;10.0775;10.0537
413;20.6501;10.1336;9.42087;10.6523;10.0763;10.0534
414;20.7;10.0739;9.45518;10.6336;10.0749;10.0531
415;20.75;10.0158;9.49564;10.6055;10.0733;10.0528
416;20.8;9.96;9.54191;10.566;10.0715;10.0526
417;20.8501;9.9069;9.59381;10.519;10.0694;10.0525
418;20.9001;9.85666;9.6509;10.4705;10.0672;10.0523
419;20.9501;9.80894;9.71258;10.4204;10.0649;10.0522
420;21.0001;9.76375;9.77807;10.3692;10.0624;10.0522
421;21.0501;9.72159;9.84655;10.3158;10.06;10.0522
422;21.1001;9.68335;9.9176;10.2563;10.0575;10.0522
423;21.15;9.65002;9.99055;10.1932;10.055;10.0523
424;21.2002;9.62068;10.0656;10.1327;10.0527;10.0525
425;21.2501;9.59433;10.1416;10.0724;10.0506;10.0528
426;21.3001;9.57087;10.2188;10.0081;10.0488;10.0532
427;21.3501;9.55118;10.297;9.94272;10.0471;10.0536
428;21.4;9.53625;10.3759;9.87889;10.0457;10.0541
429;21.45;9.52563;10.4548;9.81574;10.0444;10.0546
430;21.5002;9.51834;10.533;9.75173;10.0433;10.0551
431;21.5502;9.51425;10.6092;9.68696;10.0425;10.0556
432;21.6001;9.5137;10.6827;9.62305;10.042;10.0562
433;21.6501;9.51748;10.7524;9.56141;10.0417;10.0568
434;21.7001;9.52605;10.8162;9.50355;10.0414;10.0574
435;21.7502;9.53953;10.8719;9.45037;10.0412;10.0579
436;21.8;9.55786;10.9168;9.40304;10.0411;10.0584
437;21.8502;9.58114;10.9497;9.3618;10.0413;10.0589
438;21.9001;9.60895;10.9695;9.32742;10.0416;10.0594
439;21.9501;9.64154;10.9762;9.30014;10.0418;10.0597
440;22.0001;9.67923;10.9697;9.28076;10.042;10.06
441;22.05;9.72226;10.9504;9.27014;10.0422;10.0601
442;22.1001;9.77094;10.9194;9.26911;10.0425;10.0603
443;22.15;9.82434;10.8783;9.27858;10.0427;10.0604
444;22.2;9.88231;10.8283;9.29963;10.0429;10.0604
445;22.25;9.94415;10.7711;9.33323;10.043;10.0602
446;22.3001;10.0097;10.708;9.37945;10.0431;10.0599
447;22.3501;10.0785;10.6403;9.4365;10.0432;10.0596
448;22.4001;10.15;10.5689;9.50186;10.0434;10.0593
449;22.45;10.2233;10.4947;9.57283;10.0435;10.0588
450;22.5002;10.2975;10.4184;9.64744;10.0436;10.0582
451;22.5502;10.3707;10.3411;9.72247;10.0437;10.0576
452;22.6002;10.4417;10.2634;9.79576;10.044;10.0569
453;22.65;10.5091;10.1864;9.86384;10.0443;10.0561
454;22.7001;10.5712;10.1101;9.92806;10.0447;10.0554
455;22.7501;10.6248;10.0354;9.99605;10.0453;10.0545
456;22.8;10.6678;9.96286;10.0757;10.046;10.0536
457;22.85;10.699;9.89273;10.1582;10.0468;10.0526
458;22.9002;10.7169;9.82548;10.2269;10.0477;10.0517
459;22.9502;10.72;9.76189;10.28;10.0486;10.0506
460;23.0002;10.7091;9.70182;10.3308;10.0497;10.0496
461;23.0502;10.6874;9.64534;10.3875;10.0508;10.0486
462;23.1001;10.6553;9.59275;10.4431;10.0519;10.0475
463;23.1502;10.6134;9.5442;10.49;10.053;10.0465
464;23.2;10.5648;9.50057;10.5259;10.0541;10.0454
465;23.2501;10.513;9.46166;10.5537;10.0551;10.0443
466;23.3001;10.4593;9.42783;10.5773;10.056;10.0433
467;23.3501;10.4034;9.39909;10.5998;10.0568;10.0422
468;23.4001;10.3459;9.37566;10.6213;10.0574;10.0412
469;23.4501;10.2883;9.35796;10.6397;10.0578;10.0402
470;23.5001;10.2315;9.34623;10.6524;10.0579;10.0392
471;23.5501;10.1755;9.34053;10.6581;10.0578;10.0382
472;23.6002;10.1203;9.34095;10.6568;10.0575;10.0373
473;23.65;10.0664;9.34754;10.6506;10.0569;10.0364
474;23.7001;10.0137;9.36054;10.6427;10.0559;10.0356
475;23.7501;9.9632;9.3801;10.6368;10.0547;10.0348
476;23.8001;9.91507;9.40633;10.6305;10.0532;10.034
477;23.8502;9.86946;9.43915;10.6133;10.0515;10.0333
478;23.9001;9.82673;9.47828;10.5799;10.0495;10.0327
479;23.95;9.78686;9.52378;10.5331;10.0474;10.0321
480;24;9.74993;9.57549;10.4783;10.0451;10.0317
481;24.0502;9.71578;9.63334;10.4215;10.0427;10.0312
482;24.1;9.6845;9.69656;10.3719;10.0403;10.0309
483;24.15;9.65589;9.76537;10.3262;10.0379;10.0306
484;24.2001;9.63063;9.83936;10.277;10.0356;10.0305
485;24.2501;9.609;9.91804;10.225;10.0335;10.0304
486;24.3001;9.59121;10.0009;10.1697;10.0316;10.0304
487;24.3502;9.57716;10.0878;10.1099;10.0299;10.0305
488;24.4;9.56619;10.1777;10.048;10.0285;10.0307
489;24.45;9.55781;10.2708;9.98473;10.0274;10.0311
490;24.5001;9.55247;10.3659;9.91875;10.0266;10.0315
491;24.5501;9.55098;10.4612;9.84954;10.0261;10.032
492;24.6002;9.55327;10.5561;9.78087;10.0258;10.0325
493;24.65;9.55963;10.6484;9.71654;10.0258;10.0331
494;24.7002;9.57025;10.7373;9.65411;10.0262;10.0337
495;24.7502;9.58453;10.8202;9.59385;10.0267;10.0344
496;24.8002;9.6026;10.8953;9.53869;10.0273;10.0351
497;24.85;9.62457;10.9599;9.49213;10.0279;10.0357
498;24.9002;9.65078;11.0124;9.45502;10.0287;10.0364
499;24.9502;9.68128;11.0508;9.42734;10.0298;10.0371
500;25.0002;9.7164;11.0751;9.4081;10.0308;10.0378
501;25.05;9.756;11.0858;9.39669;10.0318;10.0385
502;25.1002;9.80034;11.0836;9.39257;10.0326;10.039
503;25.15;9.84859;11.0695;9.3954;10.0336;10.0395
504;25.2;9.90078;11.0445;9.40514;10.0345;10.04
505;25.2501;9.95633;11.0096;9.42218;10.0355;10.0405
506;25.3002;10.0151;10.9655;9.44746;10.0362;10.0409
507;25.3501;10.0766;10.9135;9.48196;10.0369;10.0411
508;25.4001;10.1411;10.8543;9.52415;10.0376;10.0413
509;25.45;10.2076;10.7891;9.56946;10.0384;10.0415
510;25.5001;10.2751;10.7186;9.61846;10.0392;10.0416
511;25.5501;10.3419;10.6437;9.67327;10.0399;10.0416
512;25.6;10.4065;10.5649;9.73714;10.0407;10.0415
513;25.65;10.4679;10.4824;9.80958;10.0416;10.0413
514;25.7002;10.5245;10.3958;9.8817;10.0427;10.0412
515;25.7501;10.5729;10.3061;9.94497;10.0439;10.041
516;25.8001;10.6118;10.2131;10.0013;10.0453;10.0408
517;25.85;10.6391;10.1179;10.0568;10.0468;10.0405
518;25.9002;10.6532;10.0211;10.1124;10.0484;10.0401
519;25.9501;10.6533;9.92469;10.1635;10.0501;10.0397
520;26.0001;10.6405;9.83021;10.2133;10.052;10.0393
521;26.0502;10.6172;9.73914;10.272;10.054;10.0388
522;26.1001;10.5835;9.65329;10.3364;10.056;10.0384
523;26.1501;10.5398;9.57338;10.3922;10.058;10.038
524;26.2002;10.4904;9.5001;10.4323;10.06;10.0375
525;26.2501;10.4398;9.43421;10.4581;10.0619;10.0371
526;26.3001;10.3887;9.37611;10.4767;10.0636;10.0366
527;26.35;10.3359;9.32573;10.4955;10.0653;10.0362
528;26.4001;10.2809;9.28233;10.516;10.0668;10.0357
529;26.45;10.225;9.24604;10.5369;10.068;10.0353
530;26.5;10.1695;9.21721;10.5575;10.069;10.035
531;26.5501;10.1154;9.19628;10.5777;10.0697;10.0347
532;26.6002;10.0634;9.18404;10.5981;10.0702;10.0344
533;26.6501;10.0139;9.18111;10.6186;10.0703;10.0341
534;26.7002;9.96603;9.18779;10.6373;10.07;10.0339
535;26.75;9.92015;9.20398;10.649;10.0695;10.0338
536;26.8002;9.87578;9.22975;10.6491;10.0686;10.0337
537;26.8501;9.83385;9.26473;10.6362;10.0673;10.0336
538;26.9;9.79497;9.30856;10.6123;10.0658;10.0336
539;26.95;9.75945;9.36075;10.5829;10.0642;10.0337
540;27.0001;9.72713;9.42095;10.5569;10.0623;10.0338
541;27.0501;9.6978;9.48826;10.5328;10.0602;10.0341
542;27.1;9.67071;9.56258;10.4928;10.058;10.0344
543;27.15;9.64577;9.64372;10.4341;10.0557;10.0347
544;27.2001;9.62405;9.73158;10.3673;10.0534;10.0351
545;27.2501;9.60684;9.82545;10.3031;10.0511;10.0355
546;27.3002;9.59427;9.92524;10.2421;10.0489;10.0361
547;27.3501;9.58605;10.0296;10.1801;10.0468;10.0367
548;27.4001;9.58116;10.1377;10.116;10.0449;10.0374
549;27.4501;9.57873;10.2493;10.0499;10.0432;10.0382
550;27.5002;9.57879;10.3646;9.98044;10.0418;10.039
551;27.5501;9.58172;10.4839;9.90734;10.0406;10.0399
552;27.6001;9.5885;10.6073;9.8352;10.0396;10.0409
553;27.6501;9.59978;10.7332;9.7689;10.0388;10.0419
554;27.7001;9.61506;10.858;9.70931;10.0381;10.0429
555;27.7501;9.6342;10.9739;9.65522;10.0377;10.0439
556;27.8001;9.65677;11.0752;9.60481;10.0375;10.045
557;27.8501;9.68222;11.1603;9.55746;10.0375;10.0461
558;27.9001;9.71009;11.234;9.51344;10.0376;10.0472
559;27.95;9.74014;11.3009;9.47374;10.0375;10.0482
560;28.0001;9.77289;11.3595;9.43956;10.0375;10.0491
561;28.0501;9.80884;11.4069;9.41196;10.0378;10.0501
562;28.1001;9.84814;11.4405;9.39156;10.0382;10.051
563;28.1502;9.89051;11.4585;9.37872;10.0384;10.0519
564;28.2002;9.93515;11.4592;9.3741;10.0386;10.0526
565;28.2501;9.98212;11.442;9.37846;10.0387;10.0532
566;28.3001;10.0318;11.4069;9.3929;10.0389;10.0537
567;28.3501;10.0844;11.3542;9.41816;10.0391;10.0543
568;28.4002;10.1393;11.2846;9.45407;10.0393;10.0547
569;28.45;10.1951;11.1999;9.49958;10.0394;10.0549
570;28.5;10.2508;11.1014;9.55167;10.0395;10.055
571;28.5502;10.3057;10.991;9.60598;10.0396;10.055
572;28.6;10.3588;10.8723;9.66029;10.0399;10.0549
573;28.6501;10.4099;10.7478;9.7163;10.0402;10.0547
574;28.7002;10.4573;10.6207;9.77484;10.0405;10.0544
575;28.7501;10.4977;10.4928;9.8346;10.041;10.054
576;28.8001;10.5276;10.3624;9.89369;10.0416;10.0535
577;28.8501;10.5448;10.2299;9.95012;10.0424;10.0529
578;28.9001;10.551;10.0968;10.0057;10.0433;10.0522
579;28.9502;10.5492;9.96649;10.0612;10.0444;10.0515
580;29;10.5379;9.84432;10.1128;10.0456;10.0507
581;29.05;10.5148;9.73333;10.1586;10.047;10.0498
582;29.1001;10.4815;9.63502;10.2015;10.0485;10.0489
583;29.1502;10.4417;9.54895;10.2459;10.0501;10.048
584;29.2002;10.3976;9.47348;10.2919;10.0516;10.047
585;29.25;10.3502;9.40698;10.3375;10.0532;10.046
586;29.3001;10.3012;9.34771;10.3812;10.0548;10.0449
587;29.3502;10.2513;9.29536;10.4227;10.0563;10.0439
588;29.4001;10.2011;9.24944;10.4621;10.0577;10.0428
589;29.45;10.1514;9.20931;10.499;10.059;10.0418
590;29.5;10.1024;9.17508;10.533;10.0602;10.0408
591;29.5501;10.0538;9.14751;10.5639;10.061;10.0398
592;29.6;10.0068;9.12781;10.5911;10.0617;10.0389
593;29.6501;9.96142;9.11671;10.615;10.0622;10.0379
594;29.7001;9.91797;9.11464;10.6359;10.0624;10.0371
595;29.75;9.87636;9.12147;10.6546;10.0624;10.0363
596;29.8001;9.83655;9.13744;10.6715;10.062;10.0355
597;29.85;9.79937;9.16271;10.6834;10.0614;10.0348
598;29.9001;9.76505;9.1979;10.6844;10.0604;10.0342
599;29.95;9.73413;9.24306;10.6704;10.0592;10.0336
600;30.0001;9.70624;9.29855;10.6412;10.0577;10.0331
601;30.05;9.6811;9.36415;10.6016;10.0561;10.0326
602;30.1001;9.65854;9.44011;10.5606;10.0542;10.0323
603;30.1501;9.63881;9.52603;10.5238;10.0521;10.032
604;30.2001;9.62207;9.62142;10.4847;10.05;10.0318
605;30.2502;9.60886;9.72474;10.4358;10.0478;10.0317
606;30.3002;9.59984;9.83434;10.376;10.0456;10.0317
607;30.3501;9.59565;9.94841;10.3107;10.0434;10.0317
608;30.4001;9.59684;10.0653;10.2465;10.0413;10.0319
609;30.4501;9.60263;10.183;10.184;10.0394;10.0321
610;30.5001;9.61207;10.2993;10.1189;10.0376;10.0325
611;30.5501;9.6246;10.4124;10.0491;10.036;10.0329
612;30.6001;9.64027;10.5208;9.97689;10.0346;10.0334
613;30.6501;9.65835;10.6243;9.90491;10.0335;10.034
614;30.7001;9.67835;10.7223;9.83359;10.0325;10.0347
615;30.75;9.70021;10.8146;9.76244;10.0317;10.0354
616;30.8002;9.72325;10.9016;9.69258;10.0311;10.0361
617;30.85;9.74641;10.9815;9.62712;10.0307;10.0369
618;30.9002;9.76918;11.0546;9.56614;10.0305;10.0376
619;30.9501;9.79164;11.1186;9.51072;10.0304;10.0385
620;31.0001;9.81415;11.1727;9.46116;10.0303;10.0393
621;31.0501;9.83688;11.216;9.41825;10.0302;10.04
622;31.1002;9.85994;11.2478;9.38252;10.0303;10.0407
623;31.15;9.88314;11.2676;9.35451;10.0305;10.0414
624;31.2002;9.90721;11.2747;9.33432;10.0307;10.0421
625;31.2501;9.93254;11.2686;9.32277;10.0308;10.0427
626;31.3001;9.95985;11.249;9.32058;10.0307;10.0432
627;31.3501;9.9896;11.2164;9.32857;10.0308;10.0437
628;31.4001;10.0218;11.1714;9.34707;10.0308;10.0441
629;31.4501;10.0562;11.1143;9.37625;10.0309;10.0444
630;31.5001;10.0923;11.046;9.41575;10.0309;10.0447
631;31.5502;10.1296;10.9675;9.4641;10.0308;10.0448
632;31.6001;10.1667;10.8811;9.51898;10.0307;10.0448
633;31.6502;10.2022;10.7881;9.57914;10.0307;10.0447
634;31.7001;10.2349;10.6903;9.64292;10.0307;10.0446
635;31.7502;10.2642;10.5877;9.70927;10.0309;10.0445
636;31.8;10.2879;10.482;9.7756;10.031;10.0442
637;31.8501;10.3047;10.3725;9.84086;10.0313;10.0438
638;31.9;10.3149;10.2622;9.9015;10.0317;10.0433
639;31.9502;10.319;10.1517;9.95787;10.0323;10.0428
640;32.0001;10.3144;10.0441;10.011;10.033;10.0422
641;32.0501;10.3011;9.94039;10.0645;10.0338;10.0416
642;32.1;10.2797;9.84253;10.119;10.0348;10.0408
643;32.15;10.2514;9.75099;10.1729;10.036;10.0401
644;32.2001;10.2182;9.66611;10.2249;10.0372;10.0393
645;32.25;10.1813;9.58846;10.2749;10.0384;10.0384
646;32.3001;10.1414;9.51716;10.3244;10.0397;10.0375
647;32.3501;10.0993;9.4521;10.373;10.041;10.0365
648;32.4001;10.0568;9.39312;10.4196;10.0423;10.0355
649;32.4502;10.0163;9.34024;10.4637;10.0435;10.0345
650;32.5001;9.97976;9.29373;10.505;10.0445;10.0335
651;32.5501;9.94639;9.25348;10.5432;10.0455;10.0324
652;32.6002;9.9145;9.21942;10.5784;10.0463;10.0313
653;32.65;9.88367;9.19206;10.6096;10.0469;10.0303
654;32.7001;9.85371;9.1712;10.6366;10.0472;10.0293
655;32.7501;9.82512;9.15729;10.6583;10.0474;10.0283
656;32.8;9.7986;9.15069;10.6738;10.0473;10.0273
657;32.85;9.77481;9.15186;10.6817;10.0469;10.0264
658;32.9001;9.75426;9.16136;10.6807;10.0462;10.0255
659;32.95;9.73715;9.17959;10.6703;10.0452;10.0246
660;33;9.7233;9.20716;10.6519;10.0439;10.0238
661;33.05;9.71284;9.24461;10.628;10.0425;10.023
662;33.1;9.70583;9.29248;10.6003;10.0408;10.0224
663;33.15;9.7024;9.35081;10.5691;10.0389;10.0217
664;33.2001;9.70281;9.41978;10.5324;10.0369;10.0212
665;33.2502;9.70718;9.49923;10.4873;10.0348;10.0208
666;33.3001;9.71506;9.58796;10.4342;10.0326;10.0204
667;33.3501;9.72622;9.68584;10.3779;10.0304;10.0201
668;33.4001;9.74025;9.79154;10.3222;10.0282;10.0199
669;33.4502;9.75636;9.90397;10.2664;10.0261;10.0198
670;33.5001;9.77276;10.0206;10.2095;10.0241;10.0197
671;33.55;9.78774;10.1403;10.1513;10.0223;10.0197
672;33.6001;9.80021;10.2618;10.0908;10.0207;10.0199
673;33.6502;9.80817;10.3826;10.0275;10.0193;10.02
674;33.7001;9.81053;10.501;9.96168;10.0182;10.0203
675;33.7501;9.80857;10.6158;9.89438;10.0173;10.0207
676;33.8002;9.80352;10.7249;9.82689;10.0166;10.0211
677;33.8501;9.79612;10.8259;9.76022;10.016;10.0215
678;33.9;9.78597;10.918;9.69526;10.0156;10.0219
679;33.9501;9.7745;11.0004;9.63255;10.0155;10.0224
680;34.0001;9.76526;11.072;9.57325;10.0156;10.0229
681;34.0501;9.76032;11.1326;9.51784;10.0156;10.0234
682;34.1001;9.7596;11.1812;9.46767;10.0156;10.0239
683;34.15;9.76249;11.2172;9.42387;10.0158;10.0244
684;34.2001;9.76869;11.2408;9.38743;10.0161;10.0248
685;34.2501;9.77831;11.2518;9.35931;10.0164;10.0253
686;34.3001;9.79196;11.2498;9.34011;10.0167;10.0257
687;34.3501;9.81015;11.2347;9.33028;10.0169;10.0261
688;34.4002;9.83307;11.2068;9.33021;10.017;10.0263
689;34.4502;9.86011;11.167;9.34021;10.0172;10.0266
690;34.5001;9.89032;11.1162;9.36025;10.0174;10.0268
691;34.5502;9.92294;11.055;9.38989;10.0176;10.0271
692;34.6002;9.95744;10.9848;9.4284;10.0178;10.0272
693;34.6501;9.99344;10.9068;9.47622;10.0179;10.0273
694;34.7;10.0294;10.8219;9.53214;10.018;10.0273
695;34.7501;10.0631;10.7297;9.59412;10.0182;10.0272
696;34.8002;10.0931;10.631;9.65936;10.0185;10.0271
697;34.8501;10.1197;10.5271;9.72513;10.019;10.027
698;34.9001;10.1429;10.419;9.79056;10.0195;10.0268
699;34.95;10.1611;10.3097;9.85312;10.0201;10.0266
700;35.0001;10.1726;10.2012;9.91268;10.0208;10.0263
701;35.05;10.1778;10.097;9.96903;10.0217;10.0259
702;35.1;10.177;9.99769;10.0228;10.0227;10.0254
703;35.1501;10.1699;9.90373;10.0745;10.0239;10.025
704;35.2;10.1568;9.81562;10.1248;10.0252;10.0244
705;35.25;10.1393;9.73288;10.1739;10.0266;10.0239
706;35.3001;10.1195;9.65588;10.2223;10.028;10.0233
707;35.3502;10.0994;9.58492;10.2694;10.0294;10.0226
708;35.4002;10.0791;9.52008;10.315;10.0309;10.0219
709;35.45;10.0594;9.46116;10.3582;10.0324;10.0211
710;35.5001;10.039;9.40773;10.399;10.0338;10.0204
711;35.5501;10.0177;9.36034;10.437;10.035;10.0196
712;35.6001;9.99635;9.31911;10.4725;10.0361;10.0187
713;35.65;9.97568;9.28404;10.5057;10.0369;10.0179
714;35.7001;9.95597;9.25507;10.5364;10.0376;10.017
715;35.7502;9.93727;9.23239;10.5638;10.0381;10.0161
716;35.8002;9.91936;9.21612;10.5869;10.0384;10.0153
717;35.8502;9.90221;9.20657;10.6046;10.0384;10.0145
718;35.9;9.88603;9.20414;10.6163;10.0381;10.0137
719;35.95;9.87099;9.2091;10.6209;10.0374;10.0129
720;36.0002;9.85726;9.22181;10.6178;10.0365;10.0122
721;36.0501;9.84506;9.24253;10.6071;10.0355;10.0115
722;36.1001;9.83422;9.27165;10.5913;10.0341;10.0109
723;36.1501;9.82453;9.30942;10.5734;10.0325;10.0104
724;36.2001;9.816;9.35605;10.5512;10.0307;10.01
725;36.2502;9.80901;9.41175;10.5178;10.0287;10.0096
726;36.3;9.80399;9.47633;10.471;10.0266;10.0092
727;36.3501;9.80042;9.55038;10.4154;10.0244;10.009
728;36.4;9.79796;9.63285;10.3587;10.0222;10.0089
729;36.45;9.79638;9.7238;10.3036;10.02;10.0088
730;36.5001;9.79482;9.82248;10.2493;10.0178;10.0089
731;36.55;9.79261;9.92763;10.1926;10.0158;10.009
732;36.6001;9.78898;10.0383;10.1341;10.0139;10.0092
733;36.65;9.78342;10.1525;10.0761;10.0122;10.0095
734;36.7001;9.77583;10.2695;10.019;10.0107;10.0099
735;36.7501;9.76715;10.3867;9.96288;10.0094;10.0104
736;36.8;9.75895;10.5028;9.90592;10.0083;10.0109
737;36.8501;9.7519;10.6164;9.84705;10.0074;10.0115
738;36.9002;9.74566;10.7253;9.78886;10.0067;10.0121
739;36.9501;9.74027;10.8278;9.73254;10.0062;10.0127
740;37.0001;9.73645;10.9226;9.67793;10.0059;10.0134
741;37.0501;9.73485;11.0082;9.62634;10.0058;10.014
742;37.1002;9.73582;11.0833;9.57859;10.0058;10.0147
743;37.1501;9.73985;11.1462;9.53536;10.0058;10.0153
744;37.2001;9.74783;11.1966;9.49671;10.0059;10.0159
745;37.2501;9.75982;11.2342;9.4634;10.0061;10.0165
746;37.3;9.77471;11.2583;9.43629;10.0063;10.017
747;37.35;9.7915;11.2685;9.41609;10.0066;10.0174
748;37.4001;9.81033;11.2643;9.40339;10.0069;10.0179
749;37.45;9.83212;11.246;9.39889;10.0072;10.0183
750;37.5001;9.85826;11.2143;9.40306;10.0073;10.0186
751;37.5501;9.8893;11.1705;9.41607;10.0076;10.0188
752;37.6;9.92418;11.1153;9.43793;10.0078;10.019
753;37.65;9.96109;11.0493;9.46854;10.0081;10.0192
754;37.7;9.99903;10.9731;9.50706;10.0084;10.0193
755;37.7501;10.0381;10.8872;9.55254;10.0087;10.0193
756;37.8001;10.0778;10.7925;9.60442;10.0089;10.0192
757;37.8502;10.1167;10.6899;9.66056;10.0092;10.0191
758;37.9;10.1524;10.582;9.71755;10.0098;10.0189
759;37.9501;10.1817;10.4704;9.77409;10.0104;10.0188
760;38;10.2034;10.3578;9.82743;10.0111;10.0185
761;38.0502;10.2167;10.2462;9.87816;10.0119;10.0181
762;38.1001;10.2211;10.1383;9.92717;10.0128;10.0177
763;38.1501;10.2187;10.0349;9.97552;10.0139;10.0173
764;38.2;10.2117;9.93769;10.0226;10.0153;10.0168
765;38.2501;10.1994;9.84611;10.0687;10.0168;10.0163
766;38.3;10.1809;9.76066;10.1135;10.0184;10.0158
767;38.35;10.1571;9.68078;10.1572;10.0199;10.0152
768;38.4;10.1309;9.60719;10.2004;10.0215;10.0145
769;38.4501;10.1059;9.54005;10.2426;10.0231;10.0138
770;38.5001;10.0832;9.4797;10.2834;10.0249;10.013
771;38.5501;10.061;9.42595;10.3222;10.0266;10.0123
772;38.6002;10.0367;9.37746;10.358;10.0282;10.0115
773;38.6501;10.0104;9.33406;10.3899;10.0295;10.0106
774;38.7001;9.98444;9.29632;10.4189;10.0307;10.0098
775;38.7502;9.96053;9.2647;10.4461;10.0317;10.009
776;38.8001;9.93975;9.23955;10.4714;10.0326;10.0081
777;38.8501;9.92183;9.22124;10.4947;10.0334;10.0074
778;38.9;9.90564;9.20991;10.5154;10.0338;10.0066
779;38.9501;9.88987;9.20498;10.5331;10.0338;10.0058
780;39.0001;9.874;9.20665;10.5469;10.0336;10.005
781;39.05;9.85826;9.21568;10.5561;10.0332;10.0045
782;39.1001;9.84314;9.2326;10.5596;10.0325;10.0039
783;39.1501;9.82945;9.25787;10.5573;10.0314;10.0033
784;39.2001;9.81794;9.29224;10.55;10.0301;10.0028
785;39.2501;9.80872;9.33633;10.5371;10.0286;10.0025
786;39.3002;9.80118;9.39015;10.5149;10.027;10.0022
787;39.35;9.79487;9.4533;10.4814;10.0252;10.0019
788;39.4002;9.78988;9.52664;10.4366;10.0232;10.0018
789;39.4502;9.78668;9.60939;10.3841;10.0211;10.0018
790;39.5002;9.78512;9.70123;10.3277;10.0189;10.0019
791;39.5502;9.78502;9.80145;10.2703;10.0169;10.002
792;39.6001;9.7854;9.9083;10.213;10.0149;10.0023
793;39.65;9.78464;10.02;10.154;10.0129;10.0026
794;39.7001;9.78232;10.1348;10.0936;10.011;10.003
795;39.75;9.77759;10.2505;10.0341;10.0093;10.0035
796;39.8001;9.77038;10.3661;9.97725;10.0078;10.0041
797;39.8502;9.76118;10.4801;9.9218;10.0064;10.0047
798;39.9001;9.75203;10.5906;9.86621;10.0052;10.0054
799;39.95;9.74406;10.6965;9.81073;10.0043;10.0061
800;40.0002;9.73735;10.7968;9.75555;10.0036;10.0069
801;40.0501;9.73165;10.8897;9.70237;10.003;10.0077
802;40.1001;9.72641;10.9744;9.65203;10.0026;10.0085
803;40.1501;9.72178;11.05;9.60515;10.0023;10.0093
804;40.2002;9.71913;11.1156;9.56245;10.002;10.0101
805;40.2502;9.72074;11.1701;9.52488;10.0019;10.0108
806;40.3001;9.72806;11.2129;9.49297;10.0018;10.0115
807;40.35;9.73988;11.2431;9.46733;10.0018;10.0122
808;40.4;9.75385;11.2598;9.44825;10.0018;10.0128
809;40.4502;9.76914;11.2619;9.43572;10.0018;10.0134
810;40.5001;9.78651;11.249;9.43003;10.0019;10.0139
811;40.5501;9.80759;11.2219;9.43175;10.0019;10.0143
812;40.6;9.83399;11.1812;9.441;10.0018;10.0147
813;40.6501;9.86575;11.1277;9.45791;10.0019;10.015
814;40.7002;9.90016;11.0624;9.48247;10.002;10.0153
815;40.7501;9.93486;10.9865;9.51385;10.002;10.0155
816;40.8002;9.97003;10.9006;9.5515;10.002;10.0155
817;40.8501;10.0064;10.8073;9.59465;10.002;10.0156
818;40.9001;10.0448;10.7078;9.6424;10.002;10.0155
819;40.9502;10.0835;10.604;9.69308;10.0022;10.0153
820;41.0001;10.1186;10.4985;9.74541;10.0027;10.0152
821;41.0501;10.1473;10.3916;9.79659;10.0031;10.015
822;41.1002;10.169;10.2842;9.84404;10.0035;10.0146
823;41.15;10.1831;10.1788;9.8887;10.0042;10.0142
824;41.2001;10.1899;10.0762;9.9317;10.0048;10.0138
825;41.2502;10.191;9.97793;9.97351;10.0058;10.0133
826;41.3;10.1857;9.88551;10.0141;10.0071;10.0127
827;41.3502;10.1722;9.79769;10.055;10.0084;10.0121
828;41.4001;10.1519;9.71519;10.0955;10.0097;10.0114
829;41.4501;10.1288;9.63821;10.1353;10.0111;10.0106
830;41.5001;10.1062;9.56816;10.1755;10.0124;10.0098
831;41.5501;10.0851;9.50452;10.2162;10.0139;10.0089
832;41.6001;10.0655;9.44736;10.2569;10.0156;10.008
833;41.6501;10.0461;9.39618;10.2975;10.0173;10.0071
834;41.7;10.0263;9.34952;10.3368;10.0185;10.0061
835;41.7501;10.0058;9.30705;10.3735;10.0198;10.005
836;41.8001;9.98529;9.26999;10.4076;10.021;10.0041
837;41.8501;9.96545;9.23893;10.4389;10.0218;10.003
838;41.9;9.94724;9.21393;10.467;10.0227;10.0019
839;41.9502;9.93111;9.19551;10.4918;10.0234;10.001
840;42.0001;9.91688;9.18449;10.5128;10.0237;10.0001
841;42.0502;9.90319;9.18041;10.5299;10.0237;9.99901
842;42.1001;9.88933;9.18315;10.5423;10.0236;9.99809
843;42.1501;9.87587;9.19368;10.5496;10.0233;9.99734
844;42.2;9.86373;9.21287;10.5513;10.0225;9.99658
845;42.25;9.85319;9.24104;10.547;10.0215;9.99578
846;42.3001;9.84432;9.27876;10.5366;10.0203;9.99508
847;42.3501;9.83716;9.32641;10.52;10.019;9.99458
848;42.4002;9.83132;9.38435;10.4959;10.0175;9.99417
849;42.45;9.82632;9.45184;10.4643;10.0158;9.99372
850;42.5002;9.82149;9.52959;10.4245;10.0139;9.99339
851;42.5501;9.81633;9.61678;10.3778;10.0119;9.99324
852;42.6002;9.81039;9.71369;10.3252;10.01;9.99311
853;42.6501;9.80413;9.81857;10.2682;10.008;9.99305
854;42.7001;9.7975;9.93132;10.2073;10.006;9.99314
855;42.7501;9.79027;10.0498;10.145;10.0041;9.99334
856;42.8002;9.78209;10.1729;10.0823;10.0023;9.99355
857;42.8501;9.77246;10.2973;10.0211;10.0006;9.99383
858;42.9001;9.76115;10.4208;9.96104;9.99915;9.99422
859;42.95;9.74796;10.5405;9.90218;9.99783;9.99469
860;43;9.73466;10.6549;9.84511;9.99665;9.99523
861;43.05;9.72274;10.7625;9.7901;9.99561;9.99579
862;43.1002;9.71342;10.8628;9.73679;9.99471;9.99634
863;43.1501;9.70719;10.9539;9.68608;9.99395;9.9969
864;43.2001;9.70311;11.0349;9.63817;9.99333;9.99748
865;43.25;9.70039;11.104;9.59363;9.99284;9.99806
866;43.3;9.69912;11.1603;9.55239;9.99247;9.99865
867;43.3502;9.70031;11.2029;9.51515;9.99213;9.99925
868;43.4002;9.7057;11.2311;9.48318;9.99181;9.99982
869;43.4501;9.71641;11.245;9.4573;9.99151;10.0003
870;43.5;9.73171;11.2446;9.43816;9.99127;10.0008
871;43.5501;9.74994;11.2302;9.42607;9.99109;10.0012
872;43.6;9.77014;11.2021;9.42104;9.99096;10.0016
873;43.6502;9.79294;11.161;9.42321;9.99077;10.0019
874;43.7002;9.81915;11.1085;9.433;9.99048;10.0022
875;43.7501;9.84959;11.0455;9.45055;9.99021;10.0024
876;43.8001;9.88397;10.9725;9.47582;9.99008;10.0026
877;43.85;9.9203;10.891;9.50802;9.98995;10.0028
878;43.9001;9.95713;10.8016;9.54621;9.98979;10.0028
879;43.9501;9.9934;10.7059;9.58908;9.98962;10.0028
880;44.0001;10.0279;10.6057;9.63569;9.98947;10.0027
881;44.0502;10.0599;10.5031;9.68477;9.98938;10.0025
882;44.1002;10.0885;10.4005;9.73377;9.98948;10.0022
883;44.1501;10.1124;10.2994;9.78003;9.98976;10.002
884;44.2001;10.13;10.2003;9.8238;9.99012;10.0017
885;44.25;10.1403;10.1047;9.86475;9.99057;10.0012
886;44.3001;10.1435;10.0131;9.90339;9.99111;10.0007
887;44.3501;10.1402;9.92724;9.94047;9.99173;10.0001
888;44.4001;10.1322;9.84642;9.97778;9.99257;9.99943
889;44.4501;10.1213;9.7711;10.0162;9.99367;9.99873
890;44.5001;10.1081;9.70041;10.0569;9.9948;9.99799
891;44.5501;10.0924;9.63358;10.0996;9.99591;9.99711
892;44.6;10.0739;9.57083;10.144;9.9971;9.99615
893;44.6501;10.0533;9.51239;10.1902;9.99832;9.99518
894;44.7001;10.0326;9.45883;10.2371;9.99951;9.99416
895;44.7501;10.0134;9.41001;10.2833;10.0007;9.99305
896;44.8001;9.9961;9.36595;10.3277;10.0019;9.99193
897;44.85;9.9802;9.32653;10.3692;10.0029;9.99081
898;44.9;9.96486;9.2913;10.4071;10.0037;9.98966
899;44.9501;9.94989;9.26078;10.4411;10.0045;9.98848
900;45.0001;9.93565;9.23585;10.4711;10.005;9.98733
901;45.0502;9.92251;9.21724;10.4973;10.0053;9.9862
902;45.1001;9.91084;9.20562;10.5191;10.0054;9.98508
903;45.1502;9.90059;9.20145;10.5363;10.0053;9.984
904;45.2;9.89172;9.2052;10.5484;10.005;9.98298
905;45.2501;9.88375;9.21714;10.5548;10.0045;9.98203
906;45.3001;9.87639;9.23744;10.5547;10.0037;9.98116
907;45.3501;9.86967;9.2665;10.5473;10.0026;9.98033
908;45.4001;9.86403;9.30473;10.5322;10.0013;9.97955
909;45.4501;9.85966;9.35256;10.5094;9.9999;9.97884
910;45.5;9.85592;9.41008;10.479;9.99835;9.97822
911;45.55;9.85204;9.47744;10.4416;9.9967;9.97771
912;45.6;9.84725;9.55463;10.3982;9.99492;9.9773
913;45.65;9.84082;9.6412;10.3498;9.99303;9.97696
914;45.7001;9.83258;9.73686;10.2965;9.99111;9.97666
915;45.7502;9.82257;9.84018;10.2388;9.98919;9.97643
916;45.8;9.81074;9.94931;10.1791;9.98732;9.97627
917;45.8501;9.79776;10.0641;10.1187;9.98552;9.97619
918;45.9;9.78415;10.1819;10.0584;9.98385;9.97617
919;45.95;9.7704;10.3011;9.99946;9.98232;9.97623
920;46.0001;9.75666;10.4198;9.94217;9.98094;9.97635
921;46.0502;9.74317;10.5357;9.88622;9.97971;9.97653
922;46.1001;9.73135;10.646;9.8322;9.97862;9.97675
923;46.1501;9.72176;10.7492;9.78017;9.9777;9.97699
924;46.2;9.71453;10.844;9.72981;9.97696;9.97725
925;46.25;9.71002;10.9294;9.68198;9.97633;9.97754
926;46.3001;9.7085;11.0041;9.63769;9.97579;9.97786
927;46.3501;9.71011;11.0669;9.59717;9.97537;9.97817
928;46.4001;9.71471;11.117;9.56031;9.9751;9.97848
929;46.45;9.7225;11.1534;9.52759;9.97494;9.9788
930;46.5001;9.73409;11.1763;9.49937;9.9748;9.97914
931;46.5501;9.74988;11.1855;9.47661;9.97463;9.97947
932;46.6;9.76977;11.1808;9.46014;9.97449;9.97975
933;46.6502;9.79327;11.1624;9.45038;9.97442;9.98002
934;46.7001;9.81941;11.1309;9.4475;9.97442;9.98028
935;46.7501;9.848;11.0871;9.45151;9.97443;9.98056
936;46.8;9.87921;11.0325;9.46245;9.97435;9.9808
937;46.8501;9.91368;10.9677;9.48036;9.97424;9.98097
938;46.9002;9.95122;10.8941;9.5049;9.97418;9.98111
939;46.9501;9.99057;10.8129;9.5356;9.97422;9.98124
940;47;10.0293;10.7253;9.57163;9.97431;9.98138
941;47.0502;10.0638;10.6322;9.6122;9.9744;9.98147
942;47.1;10.0908;10.5364;9.65539;9.97448;9.98147
943;47.1501;10.11;10.4392;9.70028;9.97461;9.98139
944;47.2002;10.122;10.3426;9.74476;9.97488;9.98127
945;47.25;10.1282;10.2477;9.78761;9.97529;9.98112
946;47.3;10.129;10.1547;9.82872;9.97585;9.98094
947;47.3502;10.124;10.0642;9.86839;9.97653;9.9807
948;47.4;10.1131;9.97817;9.90644;9.97731;9.98038
949;47.45;10.0984;9.89657;9.94401;9.9782;9.97997
950;47.5001;10.0827;9.82009;9.98191;9.97919;9.97948
951;47.5501;10.0673;9.74936;10.0207;9.9803;9.97892
952;47.6;10.0522;9.68369;10.0613;9.98151;9.9783
953;47.6501;10.0363;9.62244;10.104;9.98285;9.97763
954;47.7002;10.0196;9.56559;10.1482;9.98424;9.97692
955;47.7501;10.002;9.51342;10.1929;9.98559;9.97618
956;47.8002;9.98405;9.46563;10.2379;9.98689;9.97536
957;47.8501;9.96653;9.42227;10.2817;9.98812;9.97448
958;47.9001;9.95012;9.38346;10.3234;9.98934;9.97357
959;47.95;9.93509;9.34938;10.3624;9.99047;9.97266
960;48.0002;9.92127;9.32014;10.3983;9.99147;9.97176
961;48.0502;9.90848;9.29618;10.4306;9.9923;9.97087
962;48.1002;9.89653;9.27777;10.4592;9.99294;9.96996
963;48.1501;9.88541;9.26525;10.4841;9.99336;9.96907
964;48.2002;9.87526;9.25891;10.5052;9.99355;9.9682
965;48.2501;9.86651;9.25933;10.5223;9.99352;9.96737
966;48.3002;9.85919;9.26707;10.535;9.99326;9.96658
967;48.3501;9.85305;9.28248;10.5428;9.99276;9.96586
968;48.4001;9.8478;9.30601;10.5446;9.99201;9.96519
969;48.4502;9.843;9.33819;10.5391;9.99105;9.96459
970;48.5002;9.83812;9.37927;10.5256;9.9899;9.96405
971;48.5502;9.83283;9.42944;10.5039;9.98859;9.96359
972;48.6002;9.8272;9.48872;10.4742;9.98713;9.9632
973;48.6502;9.82112;9.5573;10.4369;9.98555;9.9629
974;48.7;9.81484;9.63482;10.3927;9.98387;9.96267
975;48.75;9.80824;9.72159;10.3417;9.98216;9.96253
976;48.8001;9.80144;9.81642;10.2847;9.98044;9.96246
977;48.8501;9.79377;9.91772;10.224;9.97875;9.96247
978;48.9001;9.7842;10.0241;10.1618;9.9771;9.96256
979;48.95;9.77369;10.1334;10.0988;9.97556;9.96271
980;49;9.76372;10.2442;10.0362;9.97412;9.96293
981;49.0501;9.7552;10.3547;9.97563;9.97282;9.96321
982;49.1001;9.74857;10.4634;9.91665;9.97165;9.96356
983;49.15;9.74411;10.5679;9.86021;9.97061;9.96396
984;49.2002;9.74119;10.6671;9.80637;9.96974;9.9644
985;49.2501;9.73991;10.7582;9.75475;9.96907;9.96488
986;49.3001;9.74029;10.8403;9.70562;9.96854;9.96539
987;49.3501;9.74263;10.9124;9.6601;9.96806;9.96594
988;49.4;9.74793;10.9736;9.61889;9.96765;9.96649
989;49.4501;9.75746;11.0233;9.58185;9.96743;9.96703
990;49.5002;9.77134;11.0607;9.54906;9.96741;9.96762
991;49.5501;9.78818;11.0856;9.52085;9.96742;9.96825
992;49.6002;9.80697;11.0977;9.49746;9.96739;9.96884
993;49.6501;9.82782;11.0967;9.47966;9.96732;9.96938
994;49.7002;9.85183;11.083;9.46813;9.96725;9.96989
995;49.7501;9.87993;11.0573;9.46341;9.96728;9.97039
996;49.8002;9.91257;11.0203;9.46548;9.96743;9.97092
997;49.8502;9.9484;10.9728;9.47444;9.96759;9.97146
998;49.9;9.98548;10.9154;9.49002;9.96765;9.97194
999;49.9502;10.0232;10.8481;9.51191;9.96771;9.97234
1000;50.0002;10.0606;10.7732;9.53961;9.96782;9.97273
1001;50.0501;10.0964;10.6923;9.57295;9.96793;9.97312
1002;50.1002;10.1288;10.6063;9.61147;9.96811;9.97343
1003;50.1502;10.1537;10.5174;9.65368;9.96843;9.97368
1004;50.2001;10.1665;10.4264;9.69824;9.96877;9.9739
1005;50.2501;10.1676;10.3337;9.74305;9.96915;9.97406
1006;50.3002;10.1611;10.2405;9.78665;9.96966;9.97413
1007;50.35;10.1509;10.1494;9.82842;9.97024;9.97414
1008;50.4001;10.1376;10.0611;9.8691;9.97091;9.97409
1009;50.4502;10.1215;9.97665;9.90889;9.97182;9.97397
1010;50.5;10.1033;9.89714;9.94731;9.9729;9.97383
1011;50.5501;10.0834;9.82137;9.986;9.97402;9.97361
1012;50.6001;10.0612;9.74944;10.0246;9.97527;9.97328
1013;50.6502;10.0373;9.68226;10.0637;9.97661;9.97291
1014;50.7001;10.0128;9.62045;10.1043;9.97791;9.97248
1015;50.7501;9.98912;9.56395;10.1462;9.97932;9.97195
1016;50.8001;9.96751;9.51296;10.1891;9.98093;9.97143
1017;50.85;9.94804;9.46761;10.2323;9.98248;9.97092
1018;50.9;9.92942;9.42697;10.2751;9.98388;9.97027
1019;50.95;9.91052;9.39034;10.316;9.98529;9.96959
1020;51.0002;9.89107;9.35808;10.3543;9.98664;9.96896
1021;51.05;9.87171;9.33097;10.3891;9.98776;9.9683
1022;51.1001;9.85279;9.30873;10.4203;9.98873;9.96755
1023;51.15;9.83524;9.29179;10.4474;9.98963;9.96687
1024;51.2;9.81985;9.28082;10.4704;9.99032;9.96625
1025;51.25;9.80685;9.2763;10.4892;9.99076;9.96557
1026;51.3001;9.79569;9.27824;10.5039;9.99096;9.9649
1027;51.3502;9.78598;9.28687;10.5143;9.991;9.96431
1028;51.4;9.77804;9.30273;10.5199;9.99087;9.96383
1029;51.4502;9.77235;9.32669;10.5206;9.99047;9.9634
1030;51.5001;9.7692;9.35901;10.5154;9.9898;9.96297
1031;51.55;9.76815;9.40026;10.5039;9.98892;9.96257
1032;51.6001;9.76783;9.45052;10.4857;9.98789;9.96226
1033;51.6501;9.76722;9.5094;10.4603;9.98674;9.96206
1034;51.7001;9.76544;9.57684;10.4273;9.98549;9.96197
1035;51.75;9.76246;9.65252;10.3869;9.9841;9.96196
1036;51.8002;9.75924;9.73655;10.3395;9.98258;9.962
1037;51.8502;9.75653;9.8275;10.2863;9.98102;9.96208
1038;51.9;9.75485;9.92459;10.2287;9.97945;9.96224
1039;51.9501;9.75471;10.027;10.1682;9.97791;9.96247
1040;52.0001;9.75418;10.1322;10.1059;9.97644;9.96279
1041;52.05;9.75278;10.2374;10.0433;9.97509;9.96318
1042;52.1001;9.75105;10.3414;9.9811;9.97386;9.96365
1043;52.1501;9.7495;10.4416;9.92041;9.97272;9.96419
1044;52.2;9.74891;10.5366;9.86198;9.97165;9.96477
1045;52.2501;9.75164;10.6253;9.80553;9.9707;9.96536
1046;52.3002;9.75882;10.7067;9.75182;9.96996;9.96599
1047;52.3502;9.769;10.7795;9.70138;9.96942;9.96668
1048;52.4;9.78014;10.8424;9.65413;9.96895;9.96741
1049;52.4501;9.79183;10.895;9.61028;9.96852;9.96811
1050;52.5001;9.80515;10.9367;9.57105;9.96813;9.96879
1051;52.5501;9.82196;10.9676;9.53674;9.96781;9.96947
1052;52.6002;9.84414;10.9875;9.5073;9.96772;9.97017
1053;52.65;9.87135;10.9967;9.48319;9.96776;9.97093
1054;52.7001;9.90096;10.9947;9.46472;9.96763;9.97164
1055;52.7501;9.9308;10.9812;9.45192;9.96746;9.97223
1056;52.8001;9.96123;10.9566;9.44498;9.96744;9.97285
1057;52.8502;9.99388;10.9218;9.44485;9.96738;9.97354
1058;52.9002;10.0303;10.8777;9.45168;9.96723;9.97405
1059;52.9501;10.0705;10.825;9.46503;9.96727;9.97451
1060;53;10.111;10.7644;9.48519;9.96734;9.97512
1061;53.05;10.1462;10.6964;9.51176;9.96723;9.97558
1062;53.1001;10.1729;10.6214;9.5437;9.9672;9.97585
1063;53.1501;10.1914;10.541;9.58089;9.96727;9.97621
1064;53.2;10.2028;10.4571;9.62274;9.96716;9.97656
1065;53.2501;10.2072;10.3708;9.66798;9.96722;9.97665
1066;53.3001;10.2027;10.2839;9.71552;9.96761;9.97681
1067;53.3501;10.1886;10.1977;9.76363;9.96795;9.97706
1068;53.4001;10.1684;10.1118;9.811;9.96828;9.97704
1069;53.4501;10.1438;10.0275;9.85685;9.96882;9.97691
1070;53.5001;10.1165;9.94708;9.90117;9.9693;9.97685
1071;53.5501;10.0885;9.87081;9.9446;9.96984;9.97666
1072;53.6002;10.062;9.79908;9.98719;9.97091;9.97636
1073;53.6501;10.037;9.73296;10.0293;9.97208;9.97619
1074;53.7001;10.011;9.67145;10.0715;9.97304;9.97586
1075;53.7501;9.98244;9.61349;10.1134;9.97415;9.97532
1076;53.8002;9.95181;9.55952;10.1557;9.97548;9.97484
1077;53.8501;9.92088;9.51045;10.1989;9.97661;9.97439
1078;53.9002;9.8908;9.46566;10.2427;9.97777;9.97373
1079;53.9502;9.86312;9.4255;10.286;9.97918;9.97306
1080;54.0002;9.83879;9.39085;10.3283;9.98044;9.97248
1081;54.0501;9.81705;9.36182;10.3687;9.98143;9.97182
1082;54.1001;9.79618;9.33705;10.4063;9.98246;9.97101
1083;54.1502;9.77601;9.31656;10.44;9.98353;9.97026
1084;54.2001;9.75774;9.30159;10.4697;9.98432;9.96966
1085;54.2502;9.74199;9.29228;10.4953;9.98476;9.96892
1086;54.3;9.72932;9.28856;10.5162;9.98517;9.96803
1087;54.35;9.72006;9.29144;10.5323;9.98555;9.96739
1088;54.4001;9.71393;9.30172;10.5437;9.98567;9.96691
1089;54.4501;9.70948;9.31896;10.5498;9.98548;9.96619
1090;54.5001;9.7057;9.34329;10.55;9.98511;9.96547
1091;54.5502;9.7029;9.3756;10.5435;9.98464;9.96506
1092;54.6001;9.7016;9.41617;10.53;9.98397;9.96467
1093;54.6501;9.70173;9.46518;10.5085;9.98308;9.96414
1094;54.7002;9.70384;9.52291;10.479;9.9821;9.96375
1095;54.75;9.70837;9.5893;10.4418;9.98103;9.96359
1096;54.8001;9.7147;9.66444;10.3972;9.97981;9.96339
1097;54.85;9.72121;9.7468;10.346;9.97855;9.96316
1098;54.9001;9.72756;9.83587;10.289;9.97732;9.96312
1099;54.95;9.7329;9.92985;10.2279;9.97608;9.96322
1100;55.0002;9.73811;10.0278;10.1638;9.97477;9.96327
1101;55.0501;9.7443;10.127;10.0989;9.97353;9.96337
1102;55.1001;9.75206;10.2267;10.0342;9.97241;9.96365
1103;55.1502;9.76205;10.3243;9.97076;9.97142;9.96399
1104;55.2;9.77314;10.4179;9.90906;9.97054;9.96434
1105;55.2501;9.78434;10.5063;9.8491;9.96977;9.96471
1106;55.3;9.79559;10.5874;9.79202;9.96914;9.96516
1107;55.3502;9.80755;10.6608;9.73742;9.96864;9.96571
1108;55.4002;9.82167;10.7251;9.68626;9.96822;9.96629
1109;55.4502;9.84027;10.7801;9.63895;9.9679;9.96685
1110;55.5002;9.86363;10.8253;9.59605;9.96767;9.96741
1111;55.5502;9.88956;10.8604;9.55788;9.96756;9.96799
1112;55.6;9.91605;10.8848;9.52455;9.96759;9.96862
1113;55.6501;9.94341;10.8992;9.49568;9.96769;9.96929
1114;55.7001;9.97267;10.9039;9.47211;9.96767;9.96996
1115;55.7501;10.0057;10.8992;9.45424;9.96758;9.97054
1116;55.8001;10.0438;10.8856;9.44243;9.9677;9.97111
1117;55.8501;10.0856;10.8633;9.43725;9.96793;9.9718
1118;55.9;10.1277;10.8325;9.43877;9.96806;9.97243
1119;55.9501;10.1681;10.7926;9.44642;9.96815;9.97294
1120;56.0001;10.2056;10.7442;9.46035;9.96823;9.97349
1121;56.0501;10.238;10.6884;9.48128;9.96816;9.97403
1122;56.1001;10.2628;10.6258;9.50893;9.96816;9.97443
1123;56.1502;10.2773;10.5578;9.54271;9.96846;9.97489
1124;56.2001;10.2807;10.4852;9.58216;9.96869;9.97544
1125;56.2501;10.2771;10.4079;9.62604;9.96875;9.97576
1126;56.3001;10.2664;10.327;9.67219;9.96896;9.97598
1127;56.35;10.2435;10.2443;9.7203;9.9692;9.97634
1128;56.4001;10.2097;10.1612;9.76992;9.96936;9.97658
1129;56.4501;10.1757;10.0793;9.81984;9.96988;9.97664
1130;56.5001;10.1453;10.0008;9.86968;9.97064;9.97687
1131;56.5502;10.1116;9.92591;9.91909;9.97124;9.97705
1132;56.6;10.0714;9.85424;9.96691;9.97193;9.97694
1133;56.6501;10.0272;9.78584;10.0142;9.9729;9.97685
1134;56.7001;9.98277;9.72213;10.0612;9.97373;9.97686
1135;56.7501;9.94104;9.66341;10.1077;9.9746;9.97663
1136;56.8002;9.9035;9.60957;10.1541;9.9759;9.97632
1137;56.8501;9.87049;9.56169;10.2008;9.9772;9.97618
1138;56.9001;9.83978;9.51886;10.2476;9.97827;9.9759
1139;56.9501;9.80917;9.47991;10.2934;9.97943;9.97539
1140;57.0001;9.77829;9.44512;10.3377;9.98073;9.97494
1141;57.0502;9.74794;9.41496;10.3802;9.98176;9.97459
1142;57.1;9.71921;9.38927;10.4199;9.98266;9.97405
1143;57.1502;9.69275;9.36754;10.4564;9.98368;9.9734
1144;57.2;9.6704;9.35106;10.489;9.98453;9.97292
1145;57.25;9.6523;9.34052;10.5178;9.98513;9.97247
1146;57.3;9.63707;9.33541;10.5421;9.98562;9.97182
1147;57.35;9.62384;9.33549;10.5614;9.98603;9.97119
1148;57.4001;9.61354;9.34182;10.5755;9.98628;9.97078
1149;57.4502;9.6075;9.35517;10.584;9.98622;9.97035
1150;57.5001;9.60637;9.37581;10.5864;9.98592;9.9697
1151;57.55;9.60801;9.40423;10.5819;9.98559;9.96922
1152;57.6;9.61178;9.43935;10.5696;9.98521;9.96902
1153;57.65;9.6173;9.48219;10.5488;9.98458;9.96869
1154;57.7002;9.62475;9.53322;10.5198;9.98366;9.96826
1155;57.7501;9.63475;9.59215;10.4826;9.98239;9.96803
1156;57.8;9.64777;9.65884;10.4372;9.98163;9.96783
1157;57.8502;9.66311;9.73326;10.3843;9.98068;9.96793
1158;57.9001;9.68012;9.81381;10.3262;9.97947;9.96778
1159;57.9501;9.69813;9.89959;10.2633;9.97827;9.96771
1160;58.0001;9.71742;9.9888;10.1976;9.97714;9.96789
1161;58.0501;9.73784;10.0803;10.1307;9.97614;9.96807
1162;58.1001;9.7587;10.172;10.0641;9.97525;9.96825
1163;58.1502;9.7801;10.262;9.99803;9.97444;9.96854
1164;58.2;9.80255;10.3479;9.93374;9.97366;9.96891
1165;58.2501;9.82693;10.4291;9.87161;9.97299;9.9693
1166;58.3;9.85211;10.5033;9.81299;9.97252;9.96972
1167;58.3501;9.87787;10.5701;9.75759;9.97227;9.97021
1168;58.4001;9.90465;10.6283;9.70556;9.97214;9.97077
1169;58.4502;9.93317;10.6782;9.65718;9.97198;9.97137
1170;58.5001;9.96382;10.7188;9.61363;9.97188;9.97191
1171;58.5502;9.99716;10.7505;9.57486;9.97197;9.97246
1172;58.6002;10.0328;10.7732;9.54098;9.97227;9.97315
1173;58.65;10.0701;10.7875;9.51177;9.97264;9.97384
1174;58.7001;10.1089;10.7935;9.48717;9.9729;9.97443
1175;58.7501;10.1487;10.7913;9.46776;9.9731;9.97503
1176;58.8001;10.1902;10.7813;9.45401;9.97341;9.97565
1177;58.8502;10.2332;10.764;9.44641;9.97382;9.97628
1178;58.9;10.2768;10.7398;9.44521;9.97425;9.97694
1179;58.9501;10.3189;10.7086;9.45045;9.97462;9.97754
1180;59.0001;10.3555;10.6707;9.46227;9.97489;9.97807
1181;59.0501;10.3833;10.6258;9.48093;9.97514;9.97856
1182;59.1;10.3993;10.5748;9.50634;9.97543;9.97907
1183;59.15;10.4018;10.5179;9.53844;9.97576;9.9796
1184;59.2002;10.3917;10.4553;9.57686;9.9761;9.98009
1185;59.2501;10.374;10.3882;9.62024;9.97644;9.98051
1186;59.3002;10.3537;10.3168;9.66807;9.97679;9.98087
1187;59.35;10.328;10.2432;9.71886;9.97719;9.98119
1188;59.4001;10.2908;10.1679;9.77147;9.97767;9.98149
1189;59.45;10.2428;10.0918;9.82492;9.97824;9.98178
1190;59.5001;10.1908;10.016;9.87865;9.9789;9.98205
1191;59.5501;10.1406;9.94232;9.9315;9.97969;9.98227
1192;59.6001;10.0912;9.87195;9.98336;9.98058;9.98244
1193;59.6501;10.0392;9.80444;10.0345;9.98158;9.98257
1194;59.7001;9.98515;9.74045;10.0848;9.98268;9.98264
1195;59.7501;9.93144;9.68125;10.1345;9.98385;9.98268
1196;59.8002;9.88017;9.62772;10.1835;9.98506;9.98267
1197;59.8501;9.83254;9.58014;10.2316;9.98629;9.98262
1198;59.9001;9.78875;9.53761;10.2791;9.98758;9.98251
1199;59.9502;9.74887;9.50008;10.3253;9.98888;9.98236
1200;60.0001;9.71235;9.46723;10.3695;9.99015;9.98218
